{"Master":0.5127661228179932,"Music":0.11932578682899475,"Effect":0.5}